<?xml version="1.0" encoding="UTF-8"?>
<project-private xmlns="http://www.netbeans.org/ns/project-private/1">
    <editor-bookmarks xmlns="http://www.netbeans.org/ns/editor-bookmarks/2" lastBookmarkId="0"/>
    <open-files xmlns="http://www.netbeans.org/ns/projectui-open-files/2">
        <group>
            <file>file:/C:/Users/jfsaw/Desktop/FinalVersionOfTheFinalProject/StudentLab/src/studentmasterdetail/DisplayStudentsListController.java</file>
            <file>file:/C:/Users/jfsaw/Desktop/FinalVersionOfTheFinalProject/StudentLab/src/studentmasterdetail/teacher.java</file>
            <file>file:/C:/Users/jfsaw/Desktop/FinalVersionOfTheFinalProject/StudentLab/src/studentmasterdetail/TeacherWindowController.java</file>
            <file>file:/C:/Users/jfsaw/Desktop/FinalVersionOfTheFinalProject/StudentLab/src/studentmasterdetail/StudentLab.java</file>
            <file>file:/C:/Users/jfsaw/Desktop/FinalVersionOfTheFinalProject/StudentLab/src/studentmasterdetail/StudentWindowController.java</file>
            <file>file:/C:/Users/jfsaw/Desktop/FinalVersionOfTheFinalProject/StudentLab/src/studentmasterdetail/FXMLDocumentController.java</file>
            <file>file:/C:/Users/jfsaw/Desktop/FinalVersionOfTheFinalProject/StudentLab/src/studentmasterdetail/student.java</file>
        </group>
    </open-files>
</project-private>
